Name,Image Name,Images Folder
Secure Parking Abu Dhabi World Trade Center,secure_parking_abu_dhabi_world_trade_center.png,
Clymb Abu Dhabi Parking,Clymb_Abu_Dhabi_Parking.png,
Corniche Parking,corniche_parking.png,C:\ProgramData\GMAPExtractor\temp\415738d4-7eb2-44d8-8e11-bc5f2205cb85
Parking car,parking_car.png,C:\ProgramData\GMAPExtractor\temp\d9a9a37c-9f8f-4cf5-8cbe-a40d968d705a
Parking,parking_image.png,
Heritage Park West Parking,HeritageParkWestParking.png,C:\ProgramData\GMAPExtractor\temp\12cab914-584f-4b6d-969d-03bc7f39e6ef
Al Fay Car Park,Al_Fay_Car_Park.png,C:\ProgramData\GMAPExtractor\temp\b49e25de-b517-483e-8a0c-b4fab453fe6f
PAID PARKING AREA,paid_parking_area.png,
WTC Mall Car Park Entrance 1,WTC_Mall_Car_Park_Entrance_1.png,C:\ProgramData\GMAPExtractor\temp\aed52d50-5cf2-4b98-89ae-26cfd8779fcf
Breakwater Public Parking,Breakwater_Public_Parking.png,C:\ProgramData\GMAPExtractor\temp\8eedf4f5-d31f-47f6-b741-1e0adadaa97b
Abu Dhabi Business Hub Parking 2,abu_dhabi_business_hub_parking_2.png,C:\ProgramData\GMAPExtractor\temp\7ce9ea28-e890-4cfc-b84b-a2fa9402fe44
WTC Mall/Souq Car Park Entrance,WTC_Mall_Souq_Car_Park_Entrance.png,C:\ProgramData\GMAPExtractor\temp\3fb75381-a68d-4e8b-8e8d-c82056812d83
ADNEC Parking VIP Central Plaza,ADNEC_Parking_VIP_Central_Plaza.png,
Wtc parking,Wtc_parking.png,C:\ProgramData\GMAPExtractor\temp\3586fc8c-5666-40b3-8ff3-a719ed24843f
Heritage Park Main Parking,heritage_park_main_parking.png,C:\ProgramData\GMAPExtractor\temp\5e988f99-0a78-4b1b-881d-c5d982516318
Mushref Coop Parking,mushref_coop_parking.png,
311 Khalifa Bin Zayed The First St Parking,311_Khalifa_Bin_Zayed_The_First_St_Parking.png,C:\ProgramData\GMAPExtractor\temp\25c80b37-492e-4b71-81f7-6c4abbfac052
Car Parking,car_parking.png,
Marina Mall Parking,Marina_Mall_Parking.png,C:\ProgramData\GMAPExtractor\temp\1574007c-7851-4557-95a5-b800ef9f6773
Visitors Parking,visitors_parking.png,C:\ProgramData\GMAPExtractor\temp\968b8da0-4d37-4145-abb4-11aaf4f31354
Public Parking Mangroves Walking Trail,public_parking_mangroves_walking_trail.png,C:\ProgramData\GMAPExtractor\temp\e7706b2b-78e6-45b9-bb7d-de7191fb13fb
Underground parking,underground_parking.png,C:\ProgramData\GMAPExtractor\temp\3c5fa38e-7563-4399-b74d-5f764a98e1c4
ADNOC Car Park Visitors Entrance,ADNOC_Car_Park_Visitors_Entrance.png,C:\ProgramData\GMAPExtractor\temp\6f04d38e-6a92-422f-b344-ef43647b7f39
Yas Mall Luxury Car Parking,YasMallLuxuryCarParking.png,C:\ProgramData\GMAPExtractor\temp\519d8ad0-660b-466f-a19f-642075df6d6d
ADNEC Parking B,ADNEC_Parking_B.png,C:\ProgramData\GMAPExtractor\temp\a12833a1-3d5b-42f7-9b98-c6328a3c3e3a
Parking Space,parking_space.png,C:\ProgramData\GMAPExtractor\temp\65e82b24-ea16-4ce3-96f9-2d7510884caf
The Galleria,The_Galleria.png,C:\ProgramData\GMAPExtractor\temp\155de1e2-bd79-47ce-9cdb-2e14a1116286
المواقف الطابقية رقم 7,al-mawaqif-al-tabiqiya-rqm-7.png,C:\ProgramData\GMAPExtractor\temp\adcf79e4-a50b-41e5-b024-f1c5476bc5c7
Mamsha Car Parking,mamsha_car_parking.png,C:\ProgramData\GMAPExtractor\temp\7a11c87b-4d1a-429e-b4b9-10acc17add34
Khalifa Park Parking,khalifa_park_parking.png,C:\ProgramData\GMAPExtractor\temp\9eb0b7ec-762d-4682-9ecb-3b52ec27e484
"Shurfa ,Catch at St. Regis Parking",Shurfa_Catch_at_St_Regis_Parking.png,C:\ProgramData\GMAPExtractor\temp\004b5a09-e15f-4d8f-94ac-93e3e107b49b
Mawaqif Car Park No 6,mawaqif_car_park_no_6.png,C:\ProgramData\GMAPExtractor\temp\48b780e5-3dc4-4f45-a8ab-c4143de6b7b0
Burjeel Day Surgery Center Self Parking,BurjeelDaySurgeryCenterSelfParking.png,C:\ProgramData\GMAPExtractor\temp\b608d09d-18e1-4de1-a771-7786d8ebb7ab
6 Fatima Bint Mubarak St Parking,6_Fatima_Bint_Mubarak_St_Parking.png,C:\ProgramData\GMAPExtractor\temp\d4d62dbc-4d23-4291-9a81-8d20fd30ca58
ADNEC Parking C,ADNEC_Parking_C.png,C:\ProgramData\GMAPExtractor\temp\ee2952ef-ae39-49d9-8aa7-0cec22915e8b
parking,parking.png,
Sorbonne University Abu Dhabi underground parking,sorbonne_university_abu_dhabi_underground_parking.png,C:\ProgramData\GMAPExtractor\temp\d810a175-440d-4e5f-a5ac-9e1cfebf7a3b
Parking Lot,parking_lot.png,C:\ProgramData\GMAPExtractor\temp\3e412fe6-3dfd-495b-bf45-43af551e0890
Parking Area,parking_area.png,C:\ProgramData\GMAPExtractor\temp\9fd369da-8f55-46dc-8d50-bc6355a0920d
Parking lot,parking_lot.png,C:\ProgramData\GMAPExtractor\temp\0cdfaf3a-4087-41e5-991c-aee864e91e17
Mawaqif Parking ️ of Madinat Zayed,Mawaqif_Parking_Madinat_Zayed.png,C:\ProgramData\GMAPExtractor\temp\738dc75a-3cba-48fb-aed2-11ccbea27362
Al Bateen Parking,Al_Bateen_Parking.png,C:\ProgramData\GMAPExtractor\temp\2d727b65-9435-4740-a6c5-24b4647b72ed
New Fish Market Car Parking,new_fish_market_car_parking.png,
Parking.,parking.png,
Sheikh Khalifa Bin Zayed Street Parking,sheikh-khalifa-bin-zayed-street-parking.png,C:\ProgramData\GMAPExtractor\temp\fa18a1d8-390d-414d-b559-0321848f4291
Medeor parking,Medeor_parking.png,
"Valet / VIP parking, Louvre Abu Dhabi",valet_vip_parking_louvre_abu_dhabi.png,C:\ProgramData\GMAPExtractor\temp\850cda63-81b1-4f21-9e37-6f2c690ef4b3
Car Park,Car_Park.png,C:\ProgramData\GMAPExtractor\temp\fcf202de-961b-498c-8811-5d1388e7da45
Parking Madinat Zayed,parking_madinat_zayed.png,C:\ProgramData\GMAPExtractor\temp\0e86679b-ad7e-4a0d-9f09-13002b9e0982
Mohammed Bin Zayed Stadium Parking,mohammed-bin-zayed-stadium-parking.png,C:\ProgramData\GMAPExtractor\temp\536778cb-4c7f-4d2a-a93f-ae0bf81feaee
Al Qana Abu Dhabi,Al_Qana_Abu_Dhabi.png,
South Car Park Al Hosn,South_Car_Park_Al_Hosn.png,C:\ProgramData\GMAPExtractor\temp\54ea5fae-9c05-46b9-bd46-80002994e06b
Car parking.,car_parking.png,
car parking,car_parking.png,
Car Park - Umm AlEmarat Park,Car_Park_Umm_AlEmarat_Park.png,C:\ProgramData\GMAPExtractor\temp\713eff0b-0a4e-41ad-90e4-a4d76966dc06
Mawaqif Parking No 8,Mawaqif_Parking_No_8.png,C:\ProgramData\GMAPExtractor\temp\43418bb7-2704-4acc-bacf-91bc0f969463
ADNEC Parking A,ADNEC_Parking_A.png,C:\ProgramData\GMAPExtractor\temp\29ac4197-46bc-4a04-b2b2-0e02949381c1
Khalidiyah Mall Taxi Parking,khalidiyah_mall_taxi_parking.png,C:\ProgramData\GMAPExtractor\temp\2d8b0203-a265-4eaf-8e54-cc0a60895d8a
850 Zayed The First St Parking,850_Zayed_The_First_St_Parking.png,C:\ProgramData\GMAPExtractor\temp\c0ee5b83-a66e-4a79-ac57-b5baa5e3b182
Al Mamoura Public Parking,Al_Mamoura_Public_Parking.png,C:\ProgramData\GMAPExtractor\temp\bc8fe0c3-3964-4f92-85d9-3138106c14d7
Mawaqif basement parking,mawaqif_basement_parking.png,
Reem Central Park - Parking,Reem_Central_Park_Parking.png,C:\ProgramData\GMAPExtractor\temp\2a995d39-94b1-4be5-9fbf-da71b764a93b
Term parking,term_parking.png,
GPSSA Staff Parking,GPSSA_Staff_Parking.png,
Mawaqif parking,mawaqif_parking.png,
Abu Dhabi,abu_dhabi.png,
Gate Tower Free Car Parking,gate_tower_free_car_parking.png,
Marina Square Townhouse Car Park,marina_square_townhouse_car_park.png,
Abudhabi Police GHQ Employees car park,abudhabi_police_ghq_employees_car_park.png,
Liwa St Parking,liwa_st_parking.png,C:\ProgramData\GMAPExtractor\temp\9d56c2a6-7e29-4222-91b1-fe1b91e7b862
ছাতারপাইয়া,ছাতারপাইয়া.png,C:\ProgramData\GMAPExtractor\temp\3367a7f3-3c8a-4e77-9e1e-3091da859565
Saadiyat Noon Parking,Saadiyat_Noon_Parking.png,
Al Shabiya Police Station Parking,Al_Shabiya_Police_Station_Parking.png,
Public Parking,public_parking.png,
ADNEC Parking VIP Grandstand,ADNEC_Parking_VIP_Grandstand.png,C:\ProgramData\GMAPExtractor\temp\f3c314e0-2d8d-4e05-9711-2f787660d4a6
ADIA car parking,ADIA_car_parking.png,C:\ProgramData\GMAPExtractor\temp\c1d6b265-b459-4241-8293-fcd842997c6c
Das St Parking,Das_St_Parking.png,C:\ProgramData\GMAPExtractor\temp\2288cc97-407f-4961-a331-b30d9206d609
Boutik Mall Visitor Parking (Al Rayfah Street Entrance),Boutik_Mall_Visitor_Parking_Al_Rayfah_Street_Entrance.png,C:\ProgramData\GMAPExtractor\temp\137a81a3-0c8d-4a74-868c-b22913587d76
المواقف الطابقية رقم 5,المواقف_الطابقية_رقم_5.png,
Parking D,parking_d.png,C:\ProgramData\GMAPExtractor\temp\a2eca25e-0ed1-4023-a539-d4f32b7d84a2
36 Raffay St Parking,36_Raffay_St_Parking.png,
Al Hudayriat Parking,Al_Hudayriat_Parking.png,C:\ProgramData\GMAPExtractor\temp\2464c975-6ce9-4635-b6bd-b6c1549d7de3
Parking - Pitch Zone A,parking_pitch_zone_a.png,C:\ProgramData\GMAPExtractor\temp\255cf07c-3e68-4471-8062-8b7c2a41aa85
Marsa Al Bateen Car Park,Marsa_Al_Bateen_Car_Park.png,C:\ProgramData\GMAPExtractor\temp\20ee1171-d9a1-4c9e-b579-b8111802875c
Zone Parking Solutions,zone_parking_solutions.png,C:\ProgramData\GMAPExtractor\temp\bb645259-6cc9-4c8a-a12c-5a6eb963d6c2
Daman Parking,Daman_Parking.png,C:\ProgramData\GMAPExtractor\temp\41351744-a37a-4247-8d9b-444de966d21b
Mushrif Mall Underground Parking,mushrif_mall_underground_parking.png,C:\ProgramData\GMAPExtractor\temp\beb8ab5d-72ee-49dc-8dbb-591bd2014248
Zayed Sport Stadium Parking,Zayed_Sport_Stadium_Parking.png,C:\ProgramData\GMAPExtractor\temp\34194bfa-cca1-4219-8380-95aa57fe55ca
Hameem St Parking,Hameem_St_Parking.png,
Mosque Parking Lot,mosque_parking_lot.png,C:\ProgramData\GMAPExtractor\temp\a6f7bc3c-b80e-4bc3-8eb1-703b5dd0f31d
Al Heelah St Parking,Al_Heelah_St_Parking.png,
Al Bustan Complex - Parkings,Al_Bustan_Complex_Parkings.png,C:\ProgramData\GMAPExtractor\temp\3ce641c5-84e0-4b96-b451-8b4c5905c803
Taxi Queue,taxi_queue.png,
Marsana Beach Parking,Marsana_Beach_Parking.png,C:\ProgramData\GMAPExtractor\temp\09b2a777-b2e5-47bf-b5ab-0978466aa2f6
Bus Parking,Bus_Parking.png,
Car Parking Lot,car_parking_lot.png,
Car Parking lot,car_parking_lot.png,
Al Jimi St - Al Nahyan - Abu Dhabi,Al_Jimi_St-Al_Nahyan-Abu_Dhabi.png,
Parking bateen,parking_bateen.png,
AlMushrif Palace Additional Parking Area,AlMushrifPalaceAdditionalParkingArea.png,C:\ProgramData\GMAPExtractor\temp\c17bc118-9393-4b10-befd-61b6196d720d
Al Nahyan Park Public Parking,Al_Nahyan_Park_Public_Parking.png,C:\ProgramData\GMAPExtractor\temp\6e78a023-aacd-4deb-b1c6-3ccfee0d664e
TAWASUL taxi parking,TAWASUL_taxi_parking.png,C:\ProgramData\GMAPExtractor\temp\494df46c-2393-42b8-ad3e-6c072170d16b
New parking area in SAN campus,new_parking_area_SAN_campus.png,
Sheikh Zayed Bin Sultan Street Parking,sheikh-zayed-bin-sultan-street-parking.png,
NMC Royal Women's Hospital Parking,NMC_Royal_Womens_Hospital_Parking.png,C:\ProgramData\GMAPExtractor\temp\384ea982-75df-4eac-9863-47640e5d2e81
World Trade Center,world_trade_center.png,C:\ProgramData\GMAPExtractor\temp\fec259ef-6f1a-46ca-a312-0305b7369d7a
Secure Parking Gate Towers,secure_parking_gate_towers.png,C:\ProgramData\GMAPExtractor\temp\f1355ea1-ee4b-470b-920b-5e43df8d4ad9
Motorcycle parking,motorcycle_parking.png,
car park,car_park.png,
Secure Parking The Arc,secure_parking_the_arc.png,
Car wash,car_wash.png,
Tamouh Visitors Parking,Tamouh_Visitors_Parking.png,C:\ProgramData\GMAPExtractor\temp\056a9bab-80ae-4e1f-8996-3599f7fcdee3
Sunlight Express Mini Market Parking,Sunlight_Express_Mini_Market_Parking.png,C:\ProgramData\GMAPExtractor\temp\74f04e33-8a0e-4667-906e-9cb28adf76ed
Prestige Valet Parking,Prestige_Valet_Parking.png,C:\ProgramData\GMAPExtractor\temp\aab536b6-cdd7-4afb-889e-adca8ca36777
Lake park parking,lake_park_parking.png,C:\ProgramData\GMAPExtractor\temp\8136f312-4d95-4ab9-8d11-b14bd8d3d53a
18th St Parking,18th_St_Parking.png,
Dalma Mall Parking B,Dalma_Mall_Parking_B.png,
Car lift,car_lift.png,C:\ProgramData\GMAPExtractor\temp\cb3588eb-2681-4375-bb02-0c918ff013e4
Etihad Towers Basement Parking,etihad_towers_basement_parking.png,C:\ProgramData\GMAPExtractor\temp\7c9c588d-cab4-4da4-a816-2184f68f3e20
K.m garage,Km_garage.png,
AUH - Terminal 2,AUH-Terminal2.png,C:\ProgramData\GMAPExtractor\temp\ff3c3914-0ec5-4369-843c-21da04eac1e8
كراج عبد الصمد افغاني,karaj-abdul-samad-afghani.png,
Gas station al ain road,gas_station_al_ain_road.png,
Mushrif wedding hall parking,mushrif_wedding_hall_parking.png,C:\ProgramData\GMAPExtractor\temp\e536fe1c-f289-433e-90cf-85bab9e6063a
مصفه,مصفه.png,
Nation Towers Parking,nation_towers_parking.png,C:\ProgramData\GMAPExtractor\temp\bf7b11b2-b4c2-4b7c-9bdf-50d4ef358cde
Op performance mussafah,Op_performance_mussafah.png,C:\ProgramData\GMAPExtractor\temp\dc8d2e01-5aa1-45b1-95c6-54b01f69041c
Al Jazira Club Tower A - Parking Area,Al_Jazira_Club_Tower_A_Parking_Area.png,C:\ProgramData\GMAPExtractor\temp\41aaaa00-e012-461a-ba6b-9c2a513f6e98
Mawaqif,Mawaqif.png,C:\ProgramData\GMAPExtractor\temp\37ca1974-496a-450f-8c6d-38e5a4ff6496
PNO AlHosn,PNO_AlHosn.png,C:\ProgramData\GMAPExtractor\temp\583a2676-11f8-433e-b75d-28201999f635
tayer and Oil change Mussafah,tayer_and_Oil_change_Mussafah.png,
Al Nahyan Park Parking,Al_Nahyan_Park_Parking.png,C:\ProgramData\GMAPExtractor\temp\f99df9b5-a4eb-4ab5-9221-51bbb03e9452
Sohail,Sohail.png,
Gate Tower Basement Parking,gate_tower_basement_parking.png,
Secure Parking Gate Towers & The Arc - Covered Parking,Secure_Parking_Gate_Towers_The_Arc_Covered_Parking.png,
Mawgab St Parking,Mawgab_St_Parking.png,
Baldiya Parking Lot 1,Baldiya_Parking_Lot_1.png,C:\ProgramData\GMAPExtractor\temp\086ceaea-90d2-42c7-8ff2-016937d3e621
موقف سيارات,موقف_سيارات.png,
Tyre,Tyre.png,
Mawaqif Vehicle Impounding Yard7,Mawaqif_Vehicle_Impounding_Yard7.png,C:\ProgramData\GMAPExtractor\temp\04a95e24-1163-4fbc-9d34-f9b75c28112c
Bike Parking,bike_parking.png,
POD Run & Ride Event,POD_Run_Ride_Event.png,C:\ProgramData\GMAPExtractor\temp\0e768f3d-41b4-4fc3-890b-ae3f2da1d3ff
Al Bustan,Al_Bustan.png,
ICT parking space,ICT_parking_space.png,
Marasy Valet Parking,Marasy_Valet_Parking.png,C:\ProgramData\GMAPExtractor\temp\22033896-f8bb-4f26-8dd3-11a7d65ff575
Underground Parking,underground_parking.png,
Non Residence car Parking,non_residence_car_parking.png,C:\ProgramData\GMAPExtractor\temp\73c02947-e2e3-4c2e-9663-a5cd74af6fbc
Integrated Transport Centre HQ,Integrated_Transport_Centre_HQ.png,C:\ProgramData\GMAPExtractor\temp\b8030366-5fc2-4e4b-888b-abe9e80a16f6
ADCO Bus Parking,ADCO_Bus_Parking.png,
RABEEA Auto EIEC.rep.Shop & Exzuast mechanic,RABEEA_Auto_EIEC.rep.Shop_and_Exzuast_mechanic.png,
Jilla garden bapu nagar rajkot,jilla-garden-bapu-nagar-rajkot.png,
Orca Park,Orca_Park.png,C:\ProgramData\GMAPExtractor\temp\b1b9f045-fdad-4114-a418-eec73dacf85d
Classic Cars for Parking Rental LLC,classic_cars_parking_rental.png,C:\ProgramData\GMAPExtractor\temp\7e978dd6-a3cd-41d6-9e05-b2e61fc4936d